Id,Predicted
0,Ambivalent
1,Ambivalent
2,Clear Reply
3,Ambivalent
4,Ambivalent
5,Ambivalent
6,Ambivalent
7,Ambivalent
8,Ambivalent
9,Ambivalent
10,Ambivalent
11,Clear Reply
12,Ambivalent
13,Ambivalent
14,Ambivalent
15,Clear Reply
16,Clear Reply
17,Ambivalent
18,Ambivalent
19,Clear Reply
20,Ambivalent
21,Clear Reply
22,Ambivalent
23,Ambivalent
24,Ambivalent
25,Clear Reply
26,Ambivalent
27,Ambivalent
28,Ambivalent
29,Ambivalent
30,Ambivalent
31,Clear Reply
32,Ambivalent
33,Clear Non-Reply
34,Clear Reply
35,Ambivalent
36,Ambivalent
37,Clear Reply
38,Clear Reply
39,Ambivalent
40,Ambivalent
41,Ambivalent
42,Ambivalent
43,Ambivalent
44,Ambivalent
45,Ambivalent
46,Ambivalent
47,Ambivalent
48,Ambivalent
49,Clear Non-Reply
50,Clear Reply
51,Clear Reply
52,Clear Reply
53,Ambivalent
54,Ambivalent
55,Ambivalent
56,Ambivalent
57,Ambivalent
58,Ambivalent
59,Clear Reply
60,Clear Reply
61,Clear Reply
62,Ambivalent
63,Clear Reply
64,Ambivalent
65,Clear Reply
66,Clear Reply
67,Ambivalent
68,Ambivalent
69,Ambivalent
70,Clear Reply
71,Clear Reply
72,Clear Non-Reply
73,Clear Reply
74,Ambivalent
75,Ambivalent
76,Clear Reply
77,Ambivalent
78,Ambivalent
79,Clear Reply
80,Clear Reply
81,Ambivalent
82,Clear Reply
83,Clear Non-Reply
84,Clear Non-Reply
85,Clear Reply
86,Clear Reply
87,Ambivalent
88,Ambivalent
89,Ambivalent
90,Ambivalent
91,Ambivalent
92,Ambivalent
93,Ambivalent
94,Clear Reply
95,Ambivalent
96,Ambivalent
97,Clear Reply
98,Ambivalent
99,Ambivalent
100,Ambivalent
101,Clear Reply
102,Ambivalent
103,Clear Reply
104,Ambivalent
105,Ambivalent
106,Clear Reply
107,Ambivalent
108,Ambivalent
109,Ambivalent
110,Clear Reply
111,Ambivalent
112,Ambivalent
113,Ambivalent
114,Ambivalent
115,Ambivalent
116,Clear Reply
117,Ambivalent
118,Ambivalent
119,Ambivalent
120,Ambivalent
121,Clear Reply
122,Clear Reply
123,Clear Reply
124,Ambivalent
125,Clear Reply
126,Ambivalent
127,Ambivalent
128,Ambivalent
129,Ambivalent
130,Ambivalent
131,Ambivalent
132,Ambivalent
133,Clear Reply
134,Ambivalent
135,Clear Reply
136,Clear Reply
137,Ambivalent
138,Clear Reply
139,Clear Non-Reply
140,Clear Reply
141,Ambivalent
142,Ambivalent
143,Ambivalent
144,Clear Reply
145,Ambivalent
146,Clear Reply
147,Clear Reply
148,Clear Reply
149,Ambivalent
150,Clear Reply
151,Ambivalent
152,Ambivalent
153,Ambivalent
154,Clear Reply
155,Ambivalent
156,Ambivalent
157,Clear Reply
158,Clear Reply
159,Ambivalent
160,Clear Reply
161,Ambivalent
162,Ambivalent
163,Clear Reply
164,Clear Reply
165,Ambivalent
166,Clear Reply
167,Clear Non-Reply
168,Ambivalent
169,Ambivalent
170,Ambivalent
171,Ambivalent
172,Clear Reply
173,Ambivalent
174,Ambivalent
175,Clear Reply
176,Ambivalent
177,Ambivalent
178,Ambivalent
179,Ambivalent
180,Clear Reply
181,Ambivalent
182,Ambivalent
183,Ambivalent
184,Clear Reply
185,Ambivalent
186,Clear Non-Reply
187,Ambivalent
188,Ambivalent
189,Ambivalent
190,Ambivalent
191,Ambivalent
192,Ambivalent
193,Ambivalent
194,Ambivalent
195,Clear Reply
196,Clear Reply
197,Clear Reply
198,Clear Reply
199,Ambivalent
200,Ambivalent
201,Clear Reply
202,Ambivalent
203,Ambivalent
204,Ambivalent
205,Ambivalent
206,Ambivalent
207,Ambivalent
208,Ambivalent
209,Clear Reply
210,Clear Reply
211,Ambivalent
212,Clear Reply
213,Clear Reply
214,Clear Reply
215,Ambivalent
216,Clear Reply
217,Ambivalent
218,Ambivalent
219,Clear Reply
220,Ambivalent
221,Ambivalent
222,Ambivalent
223,Ambivalent
224,Ambivalent
225,Ambivalent
226,Ambivalent
227,Ambivalent
228,Ambivalent
229,Ambivalent
230,Clear Reply
231,Ambivalent
232,Ambivalent
233,Ambivalent
234,Ambivalent
235,Ambivalent
236,Clear Reply
237,Clear Non-Reply
238,Clear Non-Reply
239,Clear Reply
240,Ambivalent
241,Clear Reply
242,Clear Reply
243,Ambivalent
244,Ambivalent
245,Ambivalent
246,Ambivalent
247,Clear Reply
248,Ambivalent
249,Clear Reply
250,Clear Non-Reply
251,Clear Reply
252,Ambivalent
253,Ambivalent
254,Clear Non-Reply
255,Clear Reply
256,Ambivalent
257,Ambivalent
258,Clear Reply
259,Clear Reply
260,Clear Non-Reply
261,Ambivalent
262,Ambivalent
263,Ambivalent
264,Clear Non-Reply
265,Ambivalent
266,Ambivalent
267,Ambivalent
268,Clear Reply
269,Clear Reply
270,Clear Reply
271,Ambivalent
272,Ambivalent
273,Ambivalent
274,Ambivalent
275,Ambivalent
276,Clear Non-Reply
277,Ambivalent
278,Ambivalent
279,Ambivalent
280,Clear Non-Reply
281,Ambivalent
282,Clear Reply
283,Ambivalent
284,Clear Reply
285,Clear Non-Reply
286,Ambivalent
287,Ambivalent
288,Ambivalent
289,Clear Reply
290,Ambivalent
291,Clear Reply
292,Clear Reply
293,Ambivalent
294,Clear Reply
295,Ambivalent
296,Ambivalent
297,Clear Non-Reply
298,Clear Reply
299,Clear Reply
300,Clear Non-Reply
301,Clear Reply
302,Ambivalent
303,Clear Reply
304,Ambivalent
305,Ambivalent
306,Clear Reply
307,Clear Reply
